{
"lengthUnit": "mil",
"remark": [],
"components": {
	"fields": ["COMPONENT_NO", "COMPONENT_NAME", "LAYER", "X_COORDINATE", "Y_COORDINATE", "ANGLE"],
	"rows": [
		[1, "C1", "T", 1935, -1005, 0],
		[2, "LED1", "T", 670, -210, 0],
		[3, "R1", "T", 1795, -1110, 0],
		[4, "U1", "T", 1930, -1120, 0],
		[5, "U2", "T", 2620, -1020, 90],
		[6, "PAD1", "T", 1962.56, -1005, 0],
		[7, "PAD2", "T", 1907.44, -1005, 0],
		[8, "PAD3", "T", 628.65, -210, 0],
		[9, "PAD4", "T", 711.35, -210, 0],
		[10, "PAD5", "T", 1824.66, -1110, 0],
		[11, "PAD6", "T", 1765.34, -1110, 0],
		[12, "PAD7", "T", 2095, -1045, 0],
		[13, "PAD8", "T", 2245, -995, 0],
		[14, "PAD8", "B", 2245, -995, 0],
		[15, "PAD9", "T", 1906.38, -1120, 0],
		[16, "PAD10", "T", 1910.32, -1094.41, 0],
		[17, "PAD11", "T", 1930, -1094.41, 0],
		[18, "PAD12", "T", 1930, -1145.59, 0],
		[19, "PAD13", "T", 1910.32, -1145.59, 0]
	]
},
"pins": {
	"fields": ["PIN_NO", "PIN_NAME", "PIN_X", "PIN_Y", "LAYER", "PIN_TYPE", "NET_NAME", "NET_TYPE", "PAD_SHAPE", "PAD_SIZEX", "PAD_SIZEY", "HOLE_SIZE", "HOLE_LEN", "PAD_ANGLE"],
	"rows": [
		[1, "C1_1", 1907.44, -1005, "T", "SMD", "$1N610", "", "R", 31.496, 35.433, 0, 0, 0],
		[2, "C1_2", 1962.56, -1005, "T", "SMD", "$1N600", "", "R", 31.496, 35.433, 0, 0, 0],
		[3, "LED1_1", 711.35, -210, "T", "SMD", "$1N606", "", "R", 39.37, 55.1, 0, 0, 180],
		[4, "LED1_2", 628.65, -210, "T", "SMD", "$1N610", "", "R", 39.37, 55.1, 0, 0, 180],
		[5, "R1_1", 1765.34, -1110, "T", "SMD", "$1N606", "", "R", 31.751, 34.016, 0, 0, 0],
		[6, "R1_2", 1824.66, -1110, "T", "SMD", "$1N600", "", "R", 31.751, 34.016, 0, 0, 0],
		[7, "U1_1", 1910.32, -1145.59, "T", "SMD", "$1N557", "", "R", 19.685, 11.024, 0, 0, 90],
		[8, "U1_2", 1930, -1145.59, "T", "SMD", "$1N610", "", "R", 19.685, 11.024, 0, 0, 90],
		[9, "U1_3", 1949.68, -1145.59, "T", "SMD", "NET_1", "", "R", 19.685, 11.024, 0, 0, 90],
		[10, "U1_4", 1953.62, -1120, "T", "SMD", "NET_2", "", "R", 17.717, 11.811, 0, 0, 180],
		[11, "U1_5", 1949.69, -1094.41, "T", "SMD", "NET_3", "", "R", 19.685, 11.024, 0, 0, 90],
		[12, "U1_6", 1930, -1094.41, "T", "SMD", "$1N600", "", "R", 19.685, 11.024, 0, 0, 90],
		[13, "U1_7", 1910.32, -1094.41, "T", "SMD", "$1N600", "", "R", 19.685, 11.024, 0, 0, 90],
		[14, "U1_8", 1906.38, -1120, "T", "SMD", "$1N562", "", "R", 17.717, 11.811, 0, 0, 180],
		[15, "U2_P$1", 2095, -1045, "T", "SMD", "$1N562", "", "R", 29.5276, 11.811, 0, 0, 180],
		[16, "U2_P$2", 2245, -995, "T", "DIP", "$1N557", "", "C", 31.811, 31.811, 11.811, 11.811, 90],
		[17, "U2_P$2", 2245, -995, "B", "DIP", "$1N557", "", "C", 31.811, 31.811, 11.811, 11.811, 90],
		[18, "PAD1_2", 1962.56, -1005, "T", "SMD", "$1N600", "", "R", 31.496, 35.433, 0, 0, 0],
		[19, "PAD2_1", 1907.44, -1005, "T", "SMD", "$1N610", "", "R", 31.496, 35.433, 0, 0, 0],
		[20, "PAD3_2", 628.65, -210, "T", "SMD", "$1N610", "", "R", 39.37, 55.1, 0, 0, 180],
		[21, "PAD4_1", 711.35, -210, "T", "SMD", "$1N606", "", "R", 39.37, 55.1, 0, 0, 180],
		[22, "PAD5_2", 1824.66, -1110, "T", "SMD", "$1N600", "", "R", 31.751, 34.016, 0, 0, 0],
		[23, "PAD6_1", 1765.34, -1110, "T", "SMD", "$1N606", "", "R", 31.751, 34.016, 0, 0, 0],
		[24, "PAD7_P$1", 2095, -1045, "T", "SMD", "$1N562", "", "R", 29.5276, 11.811, 0, 0, 180],
		[25, "PAD8_P$2", 2245, -995, "T", "DIP", "$1N557", "", "C", 31.811, 31.811, 11.811, 11.811, 90],
		[26, "PAD8_P$2", 2245, -995, "B", "DIP", "$1N557", "", "C", 31.811, 31.811, 11.811, 11.811, 90],
		[27, "PAD9_8", 1906.38, -1120, "T", "SMD", "$1N562", "", "R", 17.717, 11.811, 0, 0, 180],
		[28, "PAD10_7", 1910.32, -1094.41, "T", "SMD", "$1N600", "", "R", 19.685, 11.024, 0, 0, 90],
		[29, "PAD11_6", 1930, -1094.41, "T", "SMD", "$1N600", "", "R", 19.685, 11.024, 0, 0, 90],
		[30, "PAD12_2", 1930, -1145.59, "T", "SMD", "$1N610", "", "R", 19.685, 11.024, 0, 0, 90],
		[31, "PAD13_1", 1910.32, -1145.59, "T", "SMD", "$1N557", "", "R", 19.685, 11.024, 0, 0, 90]
	]
}
}